{"cameraMode":{"drawMode":0,"name":"Shaded","section":"Shading Mode"},"sceneLighting":true,"audioPlay":false,"sceneViewState":{"showFog":true,"showMaterialUpdate":false,"showSkybox":true,"showFlares":true,"showImageEffects":true,"showParticleSystems":true},"in2DMode":false,"pivot":{"x":0.0,"y":-0.014168024063110352,"z":2.980232238769531e-7},"rotation":{"x":0.054791778326034549,"y":0.5255901217460632,"z":0.033947210758924487,"w":-0.8482966423034668},"size":16.27348518371582,"orthographic":true}